event_id,date,gov_deaths,rebel_deaths,civilian_deaths,deaths,where_coordinates,geometry
410593,2021-04-29T00:00:00Z,2,0,0,2,Ţiyāb town,"c(45.469165, 14.149123)"
410601,2021-06-01T00:00:00Z,0,1,0,1,Ţiyāb town,"c(45.469165, 14.149123)"
415966,2021-09-29T00:00:00Z,0,0,0,1,Radā‘ town,"c(44.837089, 14.415097)"
419510,2021-10-04T00:00:00Z,0,0,0,1,Dammaj village,"c(45.83724, 14.23814)"
423037,2021-11-26T00:00:00Z,2,0,0,2,Aqabat al Halhal village,"c(46.01812, 14.049348)"
414170,2021-08-23T00:00:00Z,0,0,1,1,Jazirat al Hanish al Kabir island,"c(42.732155, 13.72)"
378022,2021-01-06T00:00:00Z,0,0,6,6,Al Ḩaymah as Suflá area,"c(44.06, 13.70564)"
378424,2021-01-14T00:00:00Z,0,0,1,1,Wādī al Ḩājib village,"c(44.043937, 13.741527)"
378425,2021-01-20T00:00:00Z,0,0,1,1,Al Ḩaymah as Suflá area,"c(44.06, 13.70564)"
378904,2021-01-22T00:00:00Z,0,0,1,1,Al Ḩazm town,"c(44.776919, 16.164056)"
378908,2021-01-26T00:00:00Z,0,0,1,1,Hadhran town,"c(43.92862, 13.60529)"
378942,2021-01-30T00:00:00Z,0,0,1,1,Mariyah town,"c(44.27095, 14.50235)"
386614,2021-02-03T00:00:00Z,0,0,1,1,Al Ḩaymah as Suflá area,"c(44.06, 13.70564)"
386795,2021-02-13T00:00:00Z,0,0,1,1,Jazīrat Sānā island,"c(42.28, 16.144444)"
386800,2021-02-20T00:00:00Z,0,0,5,5,Rawdah village,"c(44.227265, 15.423232)"
390925,2021-02-24T00:00:00Z,0,0,1,1,Ibb town,"c(44.177343, 13.940771)"
391149,2021-03-12T00:00:00Z,0,0,0,0,Şan‘ā’ city,"c(44.206667, 15.354722)"
391367,2021-04-03T00:00:00Z,0,0,2,2,Şan‘ā’ city,"c(44.206667, 15.354722)"
405450,2021-06-16T00:00:00Z,0,0,3,3,Şan‘ā’ city,"c(44.206667, 15.354722)"
414037,2021-08-09T00:00:00Z,0,0,0,0,Ibb town,"c(44.177343, 13.940771)"
415824,2021-09-18T00:00:00Z,0,0,9,9,Şan‘ā’ city,"c(44.206667, 15.354722)"
422732,2021-11-09T00:00:00Z,0,0,1,1,‘Adan town,"c(45.036667, 12.779444)"
374010,2021-01-01T00:00:00Z,0,0,7,7,Al-Ḩudaydah town,"c(42.954516, 14.797812)"
380605,2021-01-01T00:00:00Z,0,0,1,1,Al-Ḩudaydah town,"c(42.954516, 14.797812)"
374012,2021-01-02T00:00:00Z,0,0,1,1,Ar Raqw village,"c(43.202825, 17.255265)"
378017,2021-01-04T00:00:00Z,0,0,1,1,Bāqirīyah village,"c(43.41309, 13.49647)"
378171,2021-01-08T00:00:00Z,0,0,3,3,Mahjar Rai village,"c(43.44757, 13.71739)"
378172,2021-01-08T00:00:00Z,0,0,1,1,Camp Mattar al-Qadim,"c(43.958131, 13.597618)"
378173,2021-01-09T00:00:00Z,0,0,1,1,Ar Rākah village,"c(45.40256, 15.47404)"
380645,2021-01-09T00:00:00Z,2,0,0,2,Washal village,"c(45.196624, 14.988239)"
378445,2021-01-11T00:00:00Z,2,0,0,2,Al Quraydah area,"c(45.11947, 14.97423)"
378469,2021-01-11T00:00:00Z,2,0,0,2,Najd al Majmaah village,"c(45.181389, 14.911667)"
378512,2021-01-11T00:00:00Z,4,2,0,6,Bayt Baysh village,"c(43.463454, 13.94617)"
378523,2021-01-11T00:00:00Z,1,0,0,1,Jabal Jālis,"c(44.381551, 13.28871)"
380649,2021-01-12T00:00:00Z,2,0,0,2,Sabira village,"c(44.585906, 13.840529)"
380723,2021-01-13T00:00:00Z,2,0,0,2,Hajara village,"c(44.653056, 13.933889)"
380725,2021-01-13T00:00:00Z,2,0,0,2,Al Fājir town,"c(44.603752, 13.866966)"
424670,2021-01-13T00:00:00Z,12,12,0,24,Jabal Murād mountain,"c(45.162222, 15.043889)"
378174,2021-01-13T00:00:00Z,0,0,1,1,Hays town,"c(43.483099, 13.931702)"
378426,2021-01-14T00:00:00Z,0,0,1,1,Umari junction,"c(43.403056, 12.988333)"
378429,2021-01-14T00:00:00Z,0,0,1,1,Ar Ribat village,"c(43.45577, 13.87712)"
424672,2021-01-16T00:00:00Z,5,0,0,5,Ad Durayhimī town,"c(43.055048, 14.637019)"
380587,2021-01-16T00:00:00Z,19,14,0,33,Ad Durayhimī town,"c(43.055048, 14.637019)"
421194,2021-01-16T00:00:00Z,20,13,0,33,Hays town,"c(43.483099, 13.931702)"
378430,2021-01-17T00:00:00Z,0,0,1,1,Hays town,"c(43.483099, 13.931702)"
378428,2021-01-17T00:00:00Z,0,0,1,1,Rakis village,"c(45.15703, 14.66585)"
378435,2021-01-19T00:00:00Z,0,0,0,0,Maashiq Palace,"c(45.053769, 12.765224)"
380733,2021-01-22T00:00:00Z,6,1,0,7,Duḩayḑah mountain,"c(45.47893, 16.0548)"
378905,2021-01-22T00:00:00Z,0,0,1,1,Al Masnā’ town,"c(43.014915, 14.761333)"
380736,2021-01-25T00:00:00Z,2,0,0,2,Mashjah area,"c(45.08406, 15.465293)"
378945,2021-01-31T00:00:00Z,0,0,0,0,Marib town,"c(45.325301, 15.460977)"
378947,2021-01-31T00:00:00Z,0,0,0,0,Maşfarah village,"c(44.61708, 14.12096)"
386586,2021-02-01T00:00:00Z,1,0,0,1,Wādī Silbā valley,"c(44.973478, 16.942775)"
378949,2021-02-02T00:00:00Z,0,0,1,1,Ar Raqw village,"c(43.202825, 17.255265)"
386616,2021-02-03T00:00:00Z,0,0,1,1,Al Ḩālī town,"c(42.963743, 14.810388)"
386641,2021-02-04T00:00:00Z,0,0,1,1,Al Jabalīyah village,"c(43.158889, 14.0725)"
424692,2021-02-04T00:00:00Z,10,0,0,10,At Tuḩaytā’ town,"c(43.226369, 14.18356)"
424705,2021-02-07T00:00:00Z,0,17,0,17,Marib town,"c(45.325301, 15.460977)"
396932,2021-02-07T00:00:00Z,2,0,0,2,Kassara checkpoint,"c(45.126389, 15.544167)"
396924,2021-02-07T00:00:00Z,1,0,0,1,Ahkum area,"c(44.2113, 13.24217)"
386648,2021-02-07T00:00:00Z,0,0,0,0,Masurah mountain,"c(44.600556, 15.7325)"
386591,2021-02-07T00:00:00Z,2,0,0,2,Duḩayḑah mountain,"c(45.47893, 16.0548)"
385280,2021-02-07T00:00:00Z,0,3,3,6,Marib town,"c(45.325301, 15.460977)"
385274,2021-02-08T00:00:00Z,3,20,0,23,Marib town,"c(45.325301, 15.460977)"
385292,2021-02-09T00:00:00Z,2,2,0,4,Şirwāḩ town,"c(45.018915, 15.449328)"
386665,2021-02-09T00:00:00Z,0,0,1,1,Mahqan village,"c(44.693025, 14.026603)"
386667,2021-02-10T00:00:00Z,0,0,1,1,Al Umm Shaykh area,"c(43.21884, 17.10076)"
386671,2021-02-10T00:00:00Z,0,0,1,1,Shaqab village,"c(44.063422, 13.463284)"
385299,2021-02-10T00:00:00Z,23,15,0,38,Kofal Camp,"c(45.086944, 15.410833)"
385380,2021-02-11T00:00:00Z,0,8,0,8,Marib town,"c(45.325301, 15.460977)"
385381,2021-02-11T00:00:00Z,8,0,0,8,Marib town,"c(45.325301, 15.460977)"
386794,2021-02-12T00:00:00Z,0,0,2,2,Al Umm Shaykh area,"c(43.21884, 17.10076)"
424706,2021-02-12T00:00:00Z,50,30,0,80,Wadi Nakhla valley,"c(45.1955, 15.5573)"
385399,2021-02-13T00:00:00Z,24,16,0,40,Marib town,"c(45.325301, 15.460977)"
385430,2021-02-15T00:00:00Z,2,2,0,24,Az Zur town,"c(45.189423, 15.409655)"
385608,2021-02-16T00:00:00Z,8,0,0,8,Kofal Camp,"c(45.086944, 15.410833)"
385607,2021-02-17T00:00:00Z,1,0,0,1,Jabal al-Balaq al Qibli mountain,"c(45.2225, 15.414722)"
386799,2021-02-17T00:00:00Z,0,0,1,1,Ta'izz town,"c(44.020908, 13.579522)"
386804,2021-02-19T00:00:00Z,0,0,0,0,As Safnah village,"c(44.11063, 13.78052)"
386802,2021-02-20T00:00:00Z,0,0,1,1,Ta'izz town,"c(44.020908, 13.579522)"
424708,2021-02-20T00:00:00Z,20,0,0,20,Marib town,"c(45.325301, 15.460977)"
386601,2021-02-21T00:00:00Z,70,24,0,94,Jabal Haylan mountain,"c(45.099781, 15.508466)"
385604,2021-02-21T00:00:00Z,2,0,0,2,Jabal Haylan mountain,"c(45.099781, 15.508466)"
385605,2021-02-22T00:00:00Z,2,0,0,2,Kassara checkpoint,"c(45.126389, 15.544167)"
385606,2021-02-22T00:00:00Z,1,0,0,1,Mas Camp,"c(44.903056, 15.687222)"
386608,2021-02-23T00:00:00Z,30,0,0,30,Madghil al Jid‘ān town,"c(45.04013, 15.59858)"
385601,2021-02-25T00:00:00Z,14,2,0,27,Az Zur town,"c(45.189423, 15.409655)"
385602,2021-02-26T00:00:00Z,34,27,0,61,Marib Dam,"c(45.244167, 15.396389)"
385603,2021-02-26T00:00:00Z,2,2,0,4,Wadi Ablah area,"c(45.47129, 14.97195)"
385082,2021-02-26T00:00:00Z,2,2,0,4,Jabal Haylan mountain,"c(45.099781, 15.508466)"
386819,2021-02-26T00:00:00Z,0,0,1,1,Al Ghawr village,"c(43.254751, 17.02627)"
385612,2021-02-27T00:00:00Z,28,22,0,50,Jabal al-Balaq al Qibli mountain,"c(45.2225, 15.414722)"
385615,2021-02-28T00:00:00Z,0,0,5,5,Al-Ḩudaydah town,"c(42.954516, 14.797812)"
385630,2021-03-01T00:00:00Z,0,0,1,1,Marib town,"c(45.325301, 15.460977)"
386899,2021-03-02T00:00:00Z,0,0,1,1,Hays town,"c(43.483099, 13.931702)"
391987,2021-03-02T00:00:00Z,12,0,0,12,Ta'izz town,"c(44.020908, 13.579522)"
391766,2021-03-02T00:00:00Z,35,0,0,35,Kassara checkpoint,"c(45.126389, 15.544167)"
387077,2021-03-03T00:00:00Z,0,0,3,3,Rayyan mountain,"c(45.936667, 16.48)"
385658,2021-03-03T00:00:00Z,10,0,0,10,Tahban village,"c(43.809628, 13.428109)"
385652,2021-03-03T00:00:00Z,11,0,0,11,Al Barḩ town,"c(43.703378, 13.440646)"
424712,2021-03-03T00:00:00Z,5,0,0,5,Ta'izz town,"c(44.020908, 13.579522)"
387082,2021-03-04T00:00:00Z,2,2,0,4,Kadahah village,"c(43.849843, 13.340661)"
386902,2021-03-04T00:00:00Z,0,0,4,4,Ta'izz town,"c(44.020908, 13.579522)"
391769,2021-03-04T00:00:00Z,30,0,0,30,Mashjah area,"c(45.08406, 15.465293)"
424713,2021-03-05T00:00:00Z,60,36,0,96,Kassara checkpoint,"c(45.126389, 15.544167)"
424714,2021-03-05T00:00:00Z,2,2,2,14,Ta'izz town,"c(44.020908, 13.579522)"
387076,2021-03-06T00:00:00Z,0,0,1,1,Nuqub town,"c(45.78706, 14.97995)"
390934,2021-03-06T00:00:00Z,0,1,0,1,Afa village,"c(44.119625, 13.198837)"
390938,2021-03-07T00:00:00Z,23,0,0,23,Jabal Makhdarah Mountain,"c(45.038889, 15.516667)"
387078,2021-03-07T00:00:00Z,0,0,1,1,Az Zawah village,"c(44.07154, 13.51081)"
391776,2021-03-07T00:00:00Z,2,0,0,2,Tuwayr village,"c(43.815208, 13.390416)"
387079,2021-03-08T00:00:00Z,0,0,1,1,Wādī Nāşirī valley,"c(43.3, 14.16667)"
387080,2021-03-09T00:00:00Z,0,0,1,1,Irfan bridge,"c(43.467377, 13.874621)"
387081,2021-03-10T00:00:00Z,0,0,1,1,Kadahah village,"c(43.849843, 13.340661)"
391790,2021-03-10T00:00:00Z,24,0,0,24,Mashjah area,"c(45.08406, 15.465293)"
387094,2021-03-13T00:00:00Z,0,0,1,1,Athāwir area,"c(44.26813, 13.23148)"
391155,2021-03-13T00:00:00Z,12,0,0,24,Banī Ḩasan village,"c(43.12, 16.113333)"
391158,2021-03-14T00:00:00Z,0,15,3,18,Kadahah village,"c(43.849843, 13.340661)"
387099,2021-03-14T00:00:00Z,0,0,2,2,Al-Ḩudaydah town,"c(42.954516, 14.797812)"
387101,2021-03-14T00:00:00Z,0,0,4,4,Azir village,"c(43.890203, 13.409104)"
389671,2021-03-14T00:00:00Z,2,2,0,4,Hazimiyah area,"c(45.731, 14.02)"
391803,2021-03-14T00:00:00Z,2,0,0,2,Mashjah area,"c(45.08406, 15.465293)"
387877,2021-03-16T00:00:00Z,0,0,3,3,Marib town,"c(45.325301, 15.460977)"
387878,2021-03-16T00:00:00Z,0,0,1,1,Aḑ Ḑabāb village,"c(43.949479, 13.527991)"
387881,2021-03-16T00:00:00Z,0,0,1,1,Hays town,"c(43.483099, 13.931702)"
424715,2021-03-16T00:00:00Z,28,0,0,28,Bidah village,"c(43.12028, 16.1148)"
387879,2021-03-17T00:00:00Z,0,0,1,1,Shaqab village,"c(44.063422, 13.463284)"
387880,2021-03-17T00:00:00Z,0,0,1,1,Al Akbūsh village,"c(44.200833, 13.225833)"
391206,2021-03-18T00:00:00Z,30,0,0,30,Jabal Haylan mountain,"c(45.099781, 15.508466)"
391214,2021-03-18T00:00:00Z,46,20,0,66,Kassara checkpoint,"c(45.126389, 15.544167)"
391211,2021-03-19T00:00:00Z,2,2,0,24,Jabal Haylan mountain,"c(45.099781, 15.508466)"
424724,2021-03-20T00:00:00Z,0,0,1,1,Amur village,"c(44.23223, 13.27579)"
389672,2021-03-21T00:00:00Z,0,0,1,1,Ta'izz town,"c(44.020908, 13.579522)"
424723,2021-03-22T00:00:00Z,0,3,0,3,Ahkum area,"c(44.2113, 13.24217)"
391806,2021-03-23T00:00:00Z,40,0,0,40,Ahkum area,"c(44.2113, 13.24217)"
391809,2021-03-23T00:00:00Z,0,2,0,2,Shaqab village,"c(44.063422, 13.463284)"
412832,2021-03-25T00:00:00Z,15,1,0,16,Kassara checkpoint,"c(45.126389, 15.544167)"
391827,2021-03-26T00:00:00Z,0,0,0,1,Ta'izz town,"c(44.020908, 13.579522)"
391829,2021-03-26T00:00:00Z,1,0,0,1,Al Karb village,"c(44.403889, 13.294444)"
391819,2021-03-26T00:00:00Z,1,0,0,1,Aqrūḑ subdistrict,"c(44.05123, 13.43504)"
391823,2021-03-26T00:00:00Z,2,1,0,3,Tuwayr village,"c(43.815208, 13.390416)"
412833,2021-03-27T00:00:00Z,2,0,0,2,Banī Ḩasan village,"c(43.12, 16.113333)"
412834,2021-03-27T00:00:00Z,13,0,0,13,Ta'izz town,"c(44.020908, 13.579522)"
412835,2021-03-27T00:00:00Z,1,0,0,1,Ad Durayhimī town,"c(43.055048, 14.637019)"
391840,2021-03-28T00:00:00Z,2,0,0,2,Mashjah area,"c(45.08406, 15.465293)"
391833,2021-03-28T00:00:00Z,20,0,0,20,Ahkum area,"c(44.2113, 13.24217)"
391834,2021-03-28T00:00:00Z,2,1,0,3,Tuwayr village,"c(43.815208, 13.390416)"
394327,2021-03-28T00:00:00Z,0,0,1,1,Al-Mil area,"c(45.283269, 15.505662)"
389676,2021-03-28T00:00:00Z,0,0,1,1,Mawshij town,"c(43.28081, 13.718158)"
389678,2021-03-29T00:00:00Z,0,0,1,1,Ta'izz town,"c(44.020908, 13.579522)"
391842,2021-03-29T00:00:00Z,25,0,0,25,Kassara checkpoint,"c(45.126389, 15.544167)"
389679,2021-03-30T00:00:00Z,0,0,1,1,Marib town,"c(45.325301, 15.460977)"
394339,2021-04-02T00:00:00Z,0,0,1,1,Hajdah town,"c(43.819796, 13.586279)"
391363,2021-04-03T00:00:00Z,0,0,1,1,Marib town,"c(45.325301, 15.460977)"
391365,2021-04-03T00:00:00Z,0,0,1,1,Jufaynah village,"c(45.279322, 15.420164)"
394329,2021-04-04T00:00:00Z,0,0,3,3,Ar Raqw village,"c(43.202825, 17.255265)"
396915,2021-04-06T00:00:00Z,7,2,0,9,Ahkum area,"c(44.2113, 13.24217)"
394330,2021-04-06T00:00:00Z,0,0,1,1,Ḑabū‘ah village,"c(44.54143, 15.79469)"
394345,2021-04-08T00:00:00Z,0,0,1,1,Qa‘ţabah town,"c(44.705805, 13.854933)"
394347,2021-04-08T00:00:00Z,0,0,1,1,Shakhab village,"c(44.669102, 13.858678)"
394342,2021-04-09T00:00:00Z,0,0,1,1,Ar Raqw village,"c(43.202825, 17.255265)"
394353,2021-04-09T00:00:00Z,0,0,1,1,Ahkum area,"c(44.2113, 13.24217)"
394400,2021-04-09T00:00:00Z,0,0,1,1,Ta'izz town,"c(44.020908, 13.579522)"
395594,2021-04-09T00:00:00Z,35,26,0,61,Mashjah area,"c(45.08406, 15.465293)"
395608,2021-04-10T00:00:00Z,15,9,0,24,Mashjah area,"c(45.08406, 15.465293)"
395609,2021-04-10T00:00:00Z,15,8,0,23,Jabal Murād mountain,"c(45.162222, 15.043889)"
395610,2021-04-10T00:00:00Z,14,9,0,23,Kassara checkpoint,"c(45.126389, 15.544167)"
396936,2021-04-10T00:00:00Z,15,0,0,15,Jabal Murād mountain,"c(45.162222, 15.043889)"
394344,2021-04-10T00:00:00Z,0,0,2,2,Ar Raqw village,"c(43.202825, 17.255265)"
394373,2021-04-11T00:00:00Z,0,0,1,1,Ar Raqw village,"c(43.202825, 17.255265)"
396949,2021-04-12T00:00:00Z,12,0,0,12,Mashjah area,"c(45.08406, 15.465293)"
396952,2021-04-13T00:00:00Z,19,11,0,30,Jufra base,"c(44.794281, 15.741253)"
395638,2021-04-14T00:00:00Z,60,36,0,96,Kassara checkpoint,"c(45.126389, 15.544167)"
394385,2021-04-14T00:00:00Z,0,0,2,2,Ar Raqw village,"c(43.202825, 17.255265)"
394387,2021-04-15T00:00:00Z,0,0,1,1,Ar Raqw village,"c(43.202825, 17.255265)"
394462,2021-04-17T00:00:00Z,0,0,2,2,Dhubāb town,"c(43.410245, 12.943051)"
394556,2021-04-19T00:00:00Z,0,0,1,1,Khadīr as Silmī subdistrict,"c(44.18029, 13.4888)"
397005,2021-04-19T00:00:00Z,1,0,0,1,Kassara checkpoint,"c(45.126389, 15.544167)"
396997,2021-04-21T00:00:00Z,28,0,0,28,Kassara checkpoint,"c(45.126389, 15.544167)"
397002,2021-04-21T00:00:00Z,1,0,0,1,Madghil al Jid‘ān town,"c(45.04013, 15.59858)"
397011,2021-04-22T00:00:00Z,16,0,0,16,Mashjah area,"c(45.08406, 15.465293)"
397017,2021-04-22T00:00:00Z,2,0,0,2,Mashjah area,"c(45.08406, 15.465293)"
395651,2021-04-24T00:00:00Z,12,2,0,14,Al-Mil area,"c(45.283269, 15.505662)"
395670,2021-04-25T00:00:00Z,27,24,0,51,Mashjah area,"c(45.08406, 15.465293)"
395715,2021-04-26T00:00:00Z,40,27,0,67,Al-Talat al-Hamra hills,"c(45.1697, 15.4539)"
410703,2021-04-28T00:00:00Z,0,4,0,4,Sahn al-Jinn base,"c(45.326667, 15.506111)"
394565,2021-04-28T00:00:00Z,0,0,2,2,Sayl village,"c(43.762778, 13.457778)"
394568,2021-04-28T00:00:00Z,0,0,3,3,Barāḩ al Qays village,"c(43.345278, 14.841389)"
395734,2021-05-03T00:00:00Z,23,0,0,23,Mashjah area,"c(45.08406, 15.465293)"
410736,2021-05-04T00:00:00Z,2,2,0,4,Jadafir front,"c(45.1987, 15.901)"
402868,2021-05-06T00:00:00Z,0,0,3,3,Ar Raqw village,"c(43.202825, 17.255265)"
402876,2021-05-07T00:00:00Z,0,0,7,7,As Saḩārī village,"c(44.74712, 15.88192)"
401992,2021-05-07T00:00:00Z,27,17,0,44,Jabal al Khashar mountain,"c(45.207044, 15.513651)"
402879,2021-05-08T00:00:00Z,0,0,4,4,Al Jāḩ village,"c(43.052881, 14.340932)"
402880,2021-05-08T00:00:00Z,0,0,1,1,Ar Raqw village,"c(43.202825, 17.255265)"
401993,2021-05-09T00:00:00Z,0,0,1,1,Ar Raqw village,"c(43.202825, 17.255265)"
402001,2021-05-10T00:00:00Z,0,0,1,1,Al Maklah village,"c(44.92162, 14.38019)"
424773,2021-05-10T00:00:00Z,0,0,0,5,Al-Ḩudaydah town,"c(42.954516, 14.797812)"
402935,2021-05-11T00:00:00Z,0,0,1,1,Makhlaq village,"c(45.3075, 14.609444)"
402005,2021-05-12T00:00:00Z,3,0,0,3,Jabal al Khashar mountain,"c(45.207044, 15.513651)"
402002,2021-05-13T00:00:00Z,3,9,0,12,Camp Mattar al-Qadim,"c(43.958131, 13.597618)"
402883,2021-05-16T00:00:00Z,0,0,1,1,At Taif village,"c(43.01051, 14.56589)"
402886,2021-05-17T00:00:00Z,0,0,1,1,Ar Raqw village,"c(43.202825, 17.255265)"
402888,2021-05-17T00:00:00Z,0,0,2,2,Al Munabbar Malaḩiţah village,"c(43.69741, 13.67695)"
402889,2021-05-17T00:00:00Z,0,0,1,1,Tabashiah village,"c(44.09091, 13.544459)"
402932,2021-05-18T00:00:00Z,0,0,1,1,Jabal Marrān,"c(43.383333, 16.798056)"
424772,2021-05-19T00:00:00Z,3,0,0,8,Hays town,"c(43.483099, 13.931702)"
402938,2021-05-21T00:00:00Z,0,0,3,3,Wādī Liyah village,"c(43.33056, 16.78935)"
402940,2021-05-23T00:00:00Z,0,0,1,1,Ar Raqw village,"c(43.202825, 17.255265)"
402945,2021-05-23T00:00:00Z,0,0,3,3,Hays town,"c(43.483099, 13.931702)"
402994,2021-05-24T00:00:00Z,0,0,1,1,Dammāj town,"c(43.80433, 16.891984)"
424779,2021-05-26T00:00:00Z,2,0,0,2,Mas Camp,"c(44.903056, 15.687222)"
424780,2021-05-26T00:00:00Z,2,0,0,2,Wādī ‘Ār valley,"c(43.71807, 17.30238)"
424781,2021-05-26T00:00:00Z,2,0,0,2,Mashjah area,"c(45.08406, 15.465293)"
403017,2021-05-27T00:00:00Z,0,0,3,3,Ar Raqw village,"c(43.202825, 17.255265)"
403018,2021-05-28T00:00:00Z,0,0,3,3,Ar Raqw village,"c(43.202825, 17.255265)"
403027,2021-05-31T00:00:00Z,0,0,1,1,Ar Raqw village,"c(43.202825, 17.255265)"
403030,2021-06-01T00:00:00Z,0,0,3,3,Ar Raqw village,"c(43.202825, 17.255265)"
404869,2021-06-04T00:00:00Z,0,0,1,1,Ar Raqw village,"c(43.202825, 17.255265)"
404843,2021-06-05T00:00:00Z,0,0,1,1,Nukhaylah village,"c(43.000459, 14.601322)"
402040,2021-06-05T00:00:00Z,0,0,21,21,Marib town,"c(45.325301, 15.460977)"
404850,2021-06-06T00:00:00Z,0,0,1,1,Al-Ḩudaydah town,"c(42.954516, 14.797812)"
404852,2021-06-07T00:00:00Z,0,0,3,3,Irfaf village,"c(44.66734, 14.01234)"
404859,2021-06-07T00:00:00Z,0,0,1,1,Ar Raqw village,"c(43.202825, 17.255265)"
404862,2021-06-10T00:00:00Z,0,10,4,14,Marib town,"c(45.325301, 15.460977)"
404872,2021-06-10T00:00:00Z,0,0,1,1,Al Umm Shaykh area,"c(43.21884, 17.10076)"
404877,2021-06-13T00:00:00Z,0,0,2,2,Ar Raqw village,"c(43.202825, 17.255265)"
404882,2021-06-14T00:00:00Z,0,0,1,1,Al Musaymīr town,"c(44.61528, 13.44389)"
424778,2021-06-14T00:00:00Z,2,0,0,2,Jabal al Khashar mountain,"c(45.207044, 15.513651)"
424777,2021-06-15T00:00:00Z,9,0,0,9,Ghudū village,"c(45.00368, 15.49571)"
404883,2021-06-15T00:00:00Z,0,0,1,1,Ar Raqw village,"c(43.202825, 17.255265)"
404890,2021-06-17T00:00:00Z,0,0,1,1,Marib town,"c(45.325301, 15.460977)"
404891,2021-06-17T00:00:00Z,0,0,2,2,Ar Raqw village,"c(43.202825, 17.255265)"
405503,2021-06-18T00:00:00Z,9,0,0,9,Mashjah area,"c(45.08406, 15.465293)"
405504,2021-06-18T00:00:00Z,10,0,0,10,Kassara checkpoint,"c(45.126389, 15.544167)"
405506,2021-06-19T00:00:00Z,31,16,0,47,Marib town,"c(45.325301, 15.460977)"
405462,2021-06-19T00:00:00Z,0,4,0,4,Al Wadiah border post,"c(47.012774, 16.936093)"
404894,2021-06-19T00:00:00Z,0,0,1,1,Ar Raqw village,"c(43.202825, 17.255265)"
412929,2021-06-20T00:00:00Z,30,11,0,41,Kassara checkpoint,"c(45.126389, 15.544167)"
404897,2021-06-20T00:00:00Z,0,0,2,2,Ar Raqw village,"c(43.202825, 17.255265)"
405507,2021-06-21T00:00:00Z,60,24,0,84,Marib town,"c(45.325301, 15.460977)"
405510,2021-06-22T00:00:00Z,15,3,0,18,Jufra base,"c(44.794281, 15.741253)"
405511,2021-06-22T00:00:00Z,15,3,0,18,Wadi Halhalan area,"c(45, 15.81667)"
404901,2021-06-22T00:00:00Z,0,0,1,1,Ar Raqw village,"c(43.202825, 17.255265)"
424663,2021-06-22T00:00:00Z,3,3,0,6,Mashjah area,"c(45.08406, 15.465293)"
424664,2021-06-23T00:00:00Z,2,0,0,2,Mas Camp,"c(44.903056, 15.687222)"
424666,2021-06-23T00:00:00Z,16,0,0,16,Jadafir front,"c(45.1987, 15.901)"
405021,2021-06-23T00:00:00Z,0,0,1,1,Ar Raqw village,"c(43.202825, 17.255265)"
405022,2021-06-26T00:00:00Z,0,0,1,1,Ar Raqw village,"c(43.202825, 17.255265)"
405024,2021-06-27T00:00:00Z,0,0,1,1,Border between Shadā’ district and Saudi Arabia,"c(43.1473, 16.9254)"
405026,2021-06-27T00:00:00Z,0,0,0,0,Ta'izz town,"c(44.020908, 13.579522)"
405536,2021-06-27T00:00:00Z,24,0,0,24,Kassara checkpoint,"c(45.126389, 15.544167)"
405631,2021-06-28T00:00:00Z,2,0,0,2,Mashjah area,"c(45.08406, 15.465293)"
405632,2021-06-28T00:00:00Z,1,0,0,1,Wadi Halhalan area,"c(45, 15.81667)"
405634,2021-06-28T00:00:00Z,2,0,0,2,Al-Nudud area,"c(44.81002, 16.64968)"
405030,2021-06-29T00:00:00Z,0,0,3,3,Marib town,"c(45.325301, 15.460977)"
405033,2021-06-29T00:00:00Z,0,0,1,1,Banī Makkī village,"c(42.90827, 16.23767)"
410657,2021-07-01T00:00:00Z,0,0,2,2,Ar Raqw village,"c(43.202825, 17.255265)"
410855,2021-07-01T00:00:00Z,0,0,0,0,Ta'izz town,"c(44.020908, 13.579522)"
410856,2021-07-03T00:00:00Z,0,0,1,1,Border between Shadā’ district and Saudi Arabia,"c(43.1473, 16.9254)"
405604,2021-07-04T00:00:00Z,2,0,0,2,Qirbah village,"c(45.433333, 13.983333)"
405579,2021-07-05T00:00:00Z,2,2,0,12,Az Zāhir town,"c(45.466516, 13.964795)"
410861,2021-07-05T00:00:00Z,0,0,1,1,Al Ḩazm town,"c(44.776919, 16.164056)"
410862,2021-07-06T00:00:00Z,0,0,2,2,Yatmah town,"c(45.053996, 16.981571)"
410858,2021-07-06T00:00:00Z,0,0,0,0,Ta'izz town,"c(44.020908, 13.579522)"
410885,2021-07-12T00:00:00Z,0,0,2,2,Ar Raqw village,"c(43.202825, 17.255265)"
410920,2021-07-12T00:00:00Z,0,0,1,1,Ghāfirah area,"c(43.284329, 16.676543)"
410590,2021-07-14T00:00:00Z,44,15,1,60,Rahabah Al Kawlah town,"c(44.988896, 14.895677)"
410923,2021-07-15T00:00:00Z,0,0,1,1,Al Umm Shaykh area,"c(43.21884, 17.10076)"
410925,2021-07-19T00:00:00Z,0,0,1,1,Dhī Maḑḑāḩī village,"c(45.65859, 14.06794)"
410948,2021-07-19T00:00:00Z,0,0,0,0,Ta'izz town,"c(44.020908, 13.579522)"
424798,2021-07-24T00:00:00Z,10,1,0,11,Mashjah area,"c(45.08406, 15.465293)"
424800,2021-07-24T00:00:00Z,10,1,0,11,Kassara checkpoint,"c(45.126389, 15.544167)"
412953,2021-07-24T00:00:00Z,14,3,0,17,Kassara checkpoint,"c(45.126389, 15.544167)"
410937,2021-07-25T00:00:00Z,0,0,3,3,Ta'izz town,"c(44.020908, 13.579522)"
410938,2021-07-26T00:00:00Z,0,0,2,2,Ar Raqw village,"c(43.202825, 17.255265)"
410958,2021-07-28T00:00:00Z,0,0,5,5,Al Hiddah village,"c(43.019633, 14.611075)"
410946,2021-07-28T00:00:00Z,0,0,1,1,Ghanīyah village,"c(45.644074, 14.728688)"
410603,2021-07-28T00:00:00Z,0,9,1,10,Bayḩān town,"c(45.718891, 14.800669)"
412838,2021-07-29T00:00:00Z,24,0,0,24,Rahab area,"c(44.50933, 16.97666)"
410961,2021-07-30T00:00:00Z,0,0,3,3,Ad Dahi village,"c(44.402815, 13.447679)"
410592,2021-07-31T00:00:00Z,40,0,0,40,Baqtah al ‘Ulyā village,"c(45.132444, 14.965528)"
414026,2021-08-01T00:00:00Z,3,0,0,3,Jadafir front,"c(45.1987, 15.901)"
414028,2021-08-01T00:00:00Z,3,1,0,4,Sanabih village,"c(45.171944, 13.911667)"
410653,2021-08-02T00:00:00Z,0,0,1,1,Hays town,"c(43.483099, 13.931702)"
410968,2021-08-02T00:00:00Z,0,0,1,1,Al Khadra village,"c(42.95564, 16.35884)"
412826,2021-08-03T00:00:00Z,0,0,1,1,Ar Raqw village,"c(43.202825, 17.255265)"
414017,2021-08-03T00:00:00Z,24,24,0,48,Bidah village,"c(45.132021, 14.915032)"
412827,2021-08-04T00:00:00Z,0,0,1,1,Yatmah town,"c(45.053996, 16.981571)"
414023,2021-08-06T00:00:00Z,13,0,0,13,Bidah village,"c(45.132021, 14.915032)"
414024,2021-08-06T00:00:00Z,21,0,0,21,Rahabah Al Kawlah town,"c(44.988896, 14.895677)"
412843,2021-08-07T00:00:00Z,0,0,1,1,Ar Raqw village,"c(43.202825, 17.255265)"
412847,2021-08-09T00:00:00Z,0,0,1,1,Ar Raqw village,"c(43.202825, 17.255265)"
414039,2021-08-10T00:00:00Z,2,0,0,2,Kassara checkpoint,"c(45.126389, 15.544167)"
412855,2021-08-11T00:00:00Z,0,0,1,1,Jubayyah Quḩayfah village,"c(43.7688, 13.44833)"
412875,2021-08-12T00:00:00Z,0,0,1,1,Aḑ Ḑabāb village,"c(43.949479, 13.527991)"
414043,2021-08-12T00:00:00Z,14,0,0,14,Malboudah hills,"c(45.136144, 15.563035)"
414044,2021-08-12T00:00:00Z,7,0,0,7,Baqtah al ‘Ulyā village,"c(45.132444, 14.965528)"
412863,2021-08-13T00:00:00Z,0,0,1,1,Border between Shadā’ district and Saudi Arabia,"c(43.1473, 16.9254)"
412952,2021-08-13T00:00:00Z,13,0,0,13,Mashjah area,"c(45.08406, 15.465293)"
414049,2021-08-14T00:00:00Z,2,0,0,2,Kassara checkpoint,"c(45.126389, 15.544167)"
412885,2021-08-15T00:00:00Z,7,3,0,10,At Tuḩaytā’ town,"c(43.226369, 14.18356)"
412878,2021-08-16T00:00:00Z,0,0,2,2,Ar Raqw village,"c(43.202825, 17.255265)"
412880,2021-08-17T00:00:00Z,0,0,1,1,Al Jāḩ village,"c(43.052881, 14.340932)"
412881,2021-08-17T00:00:00Z,0,0,1,1,Ar Raqw village,"c(43.202825, 17.255265)"
412828,2021-08-17T00:00:00Z,15,0,0,15,Mashjah area,"c(45.08406, 15.465293)"
412887,2021-08-18T00:00:00Z,0,0,0,2,Al Buqa village,"c(43.151256, 13.984113)"
412890,2021-08-20T00:00:00Z,0,0,1,1,Ar Raqw village,"c(43.202825, 17.255265)"
414063,2021-08-20T00:00:00Z,10,0,0,10,Kassara checkpoint,"c(45.126389, 15.544167)"
414059,2021-08-20T00:00:00Z,5,0,0,5,Ta'izz town,"c(44.020908, 13.579522)"
414069,2021-08-21T00:00:00Z,31,4,0,35,Jabal al-Balaq al Qibli mountain,"c(45.2225, 15.414722)"
414066,2021-08-21T00:00:00Z,24,0,0,24,Mashjah area,"c(45.08406, 15.465293)"
414067,2021-08-22T00:00:00Z,7,0,0,7,Mashjah area,"c(45.08406, 15.465293)"
412891,2021-08-22T00:00:00Z,0,0,1,1,Ar Raqw village,"c(43.202825, 17.255265)"
412892,2021-08-23T00:00:00Z,0,0,1,1,Ar Raqw village,"c(43.202825, 17.255265)"
412896,2021-08-25T00:00:00Z,0,0,2,2,Ar Raqw village,"c(43.202825, 17.255265)"
412897,2021-08-25T00:00:00Z,0,0,2,2,Aḑ Ḑabāb village,"c(43.949479, 13.527991)"
416945,2021-08-26T00:00:00Z,0,0,1,1,Ar Raqw village,"c(43.202825, 17.255265)"
414172,2021-08-27T00:00:00Z,20,0,0,20,Ash Shahlā’ mountain,"c(45.58164, 16.33025)"
416946,2021-08-28T00:00:00Z,0,0,2,2,Ar Raqw village,"c(43.202825, 17.255265)"
416947,2021-08-29T00:00:00Z,0,0,1,1,Juruf village,"c(44.692778, 13.9675)"
414174,2021-08-29T00:00:00Z,12,0,0,12,Jabal aş Şadārah mountain,"c(45.03368, 14.98306)"
414177,2021-08-29T00:00:00Z,26,11,0,37,Kassara checkpoint,"c(45.126389, 15.544167)"
412901,2021-08-29T00:00:00Z,0,40,0,40,Al-Anad military base,"c(44.769167, 13.244444)"
412939,2021-08-30T00:00:00Z,27,0,0,27,Humat al Dhiyab hills,"c(45.20875, 15.546917)"
416948,2021-08-30T00:00:00Z,0,0,3,3,Ahrab Yinabba desert,"c(44.897583, 16.113972)"
416949,2021-08-31T00:00:00Z,0,0,1,1,Border between Shadā’ district and Saudi Arabia,"c(43.1473, 16.9254)"
414192,2021-08-31T00:00:00Z,2,0,0,2,Şan‘ā’ city,"c(44.206667, 15.354722)"
414198,2021-08-31T00:00:00Z,21,11,0,32,Mushrifah village,"c(45.07579, 14.82741)"
414200,2021-08-31T00:00:00Z,22,11,0,33,Baqtah al ‘Ulyā village,"c(45.132444, 14.965528)"
414210,2021-09-01T00:00:00Z,15,0,0,15,Rahabah Al Kawlah town,"c(44.988896, 14.895677)"
413183,2021-09-01T00:00:00Z,18,0,0,18,Mashjah area,"c(45.08406, 15.465293)"
413184,2021-09-01T00:00:00Z,3,2,0,5,Mushrifah village,"c(45.07579, 14.82741)"
415789,2021-09-02T00:00:00Z,0,0,2,2,Rahabah Al Kawlah town,"c(44.988896, 14.895677)"
414215,2021-09-03T00:00:00Z,17,0,0,17,Kassara checkpoint,"c(45.126389, 15.544167)"
416951,2021-09-05T00:00:00Z,0,0,1,1,Shurayjah village,"c(44.430518, 13.367938)"
416953,2021-09-06T00:00:00Z,0,0,1,1,Jarah village,"c(43.25628, 17.26152)"
415793,2021-09-06T00:00:00Z,33,0,0,33,Rahabah Al Kawlah town,"c(44.988896, 14.895677)"
416955,2021-09-07T00:00:00Z,0,0,1,1,Al Umm Shaykh area,"c(43.21884, 17.10076)"
417000,2021-09-08T00:00:00Z,0,0,1,1,Ar Raqw village,"c(43.202825, 17.255265)"
417003,2021-09-08T00:00:00Z,0,0,1,1,Aqrūḑ subdistrict,"c(44.05123, 13.43504)"
415792,2021-09-09T00:00:00Z,25,0,0,25,Rahabah Al Kawlah town,"c(44.988896, 14.895677)"
417014,2021-09-09T00:00:00Z,0,0,1,1,Barran village,"c(44.57083, 15.74167)"
417015,2021-09-10T00:00:00Z,0,0,1,1,Bir Al Maraziq village,"c(45.295278, 16.218889)"
417016,2021-09-11T00:00:00Z,0,0,1,1,Al Umm Shaykh area,"c(43.21884, 17.10076)"
415798,2021-09-12T00:00:00Z,6,0,0,6,Al Jabalīyah village,"c(43.158889, 14.0725)"
415822,2021-09-15T00:00:00Z,0,1,0,1,Hazimiyah area,"c(45.731, 14.02)"
417028,2021-09-15T00:00:00Z,0,0,1,1,Ar Raqw village,"c(43.202825, 17.255265)"
417059,2021-09-16T00:00:00Z,0,0,1,1,Ad Durayhimī town,"c(43.055048, 14.637019)"
417057,2021-09-16T00:00:00Z,0,0,1,1,Ar Raqw village,"c(43.202825, 17.255265)"
415823,2021-09-16T00:00:00Z,24,0,0,24,Mashjah area,"c(45.08406, 15.465293)"
415831,2021-09-18T00:00:00Z,0,0,7,7,Aqabat al Qanadha area,"c(45.59408, 14.681185)"
417065,2021-09-21T00:00:00Z,0,0,2,2,Ta'izz town,"c(44.020908, 13.579522)"
417067,2021-09-21T00:00:00Z,0,0,2,2,Alfa village,"c(45.237695, 14.954299)"
426064,2021-09-21T00:00:00Z,0,0,2,2,Shaqīr village,"c(45.51975, 14.93077)"
417082,2021-09-23T00:00:00Z,0,0,2,2,Jarah village,"c(43.25628, 17.26152)"
417083,2021-09-23T00:00:00Z,0,0,1,1,Ar Raqw village,"c(43.202825, 17.255265)"
415883,2021-09-25T00:00:00Z,0,2,0,2,Jabal Mala'ah mountain,"c(45.433056, 14.990556)"
415888,2021-09-25T00:00:00Z,0,4,8,12,Mīdī town,"c(42.812992, 16.321009)"
415940,2021-09-25T00:00:00Z,40,16,0,56,Kassara checkpoint,"c(45.126389, 15.544167)"
417084,2021-09-27T00:00:00Z,0,0,2,2,Ar Raqw village,"c(43.202825, 17.255265)"
415941,2021-09-27T00:00:00Z,2,0,0,2,Jabal Mala'ah mountain,"c(45.433056, 14.990556)"
415951,2021-09-28T00:00:00Z,68,32,0,100,Jabal Mala'ah mountain,"c(45.433056, 14.990556)"
415947,2021-09-28T00:00:00Z,20,0,0,20,Jabal Mala'ah mountain,"c(45.433056, 14.990556)"
419507,2021-10-01T00:00:00Z,0,0,5,5,Ar Raqw village,"c(43.202825, 17.255265)"
419506,2021-10-02T00:00:00Z,0,0,2,2,Ar Raqw village,"c(43.202825, 17.255265)"
417094,2021-10-02T00:00:00Z,0,0,1,1,Wadi Janah valley,"c(45.2454, 14.8944)"
419508,2021-10-03T00:00:00Z,0,0,2,2,Gurabat village,"c(45.494778, 14.555444)"
415987,2021-10-03T00:00:00Z,0,0,4,4,Marib town,"c(45.325301, 15.460977)"
415988,2021-10-03T00:00:00Z,28,0,0,28,Umm Rish camp,"c(45.405548, 15.134047)"
424807,2021-10-03T00:00:00Z,0,0,1,1,Salibah village,"c(45.2119, 14.85905)"
419509,2021-10-04T00:00:00Z,0,0,2,2,Ar Raqw village,"c(43.202825, 17.255265)"
419512,2021-10-05T00:00:00Z,0,0,1,1,Banī al Mishsh village,"c(43.10516, 16.22831)"
419513,2021-10-06T00:00:00Z,0,0,1,1,Māti‘ village,"c(43.936247, 13.562893)"
419514,2021-10-06T00:00:00Z,0,0,2,2,Qiran village,"c(43.890053, 13.692477)"
419515,2021-10-06T00:00:00Z,0,0,1,1,Ar Raqw village,"c(43.202825, 17.255265)"
419511,2021-10-06T00:00:00Z,0,0,3,3,Main road in Shadā’ district,"c(43.2115, 16.87076)"
419551,2021-10-07T00:00:00Z,0,0,2,2,Lujbah village,"c(43.76217, 17.24028)"
419835,2021-10-08T00:00:00Z,1,0,0,1,Khashina military base,"c(45.364167, 15.049722)"
419555,2021-10-09T00:00:00Z,0,0,1,1,Ar Raqw village,"c(43.202825, 17.255265)"
419557,2021-10-09T00:00:00Z,0,0,1,1,Hays town,"c(43.483099, 13.931702)"
419558,2021-10-10T00:00:00Z,0,0,1,1,Anin village,"c(43.868847, 13.537954)"
419842,2021-10-10T00:00:00Z,156,0,0,156,Masjid village,"c(45.37331, 14.63146)"
419848,2021-10-10T00:00:00Z,0,0,0,6,‘Adan town,"c(45.036667, 12.779444)"
419562,2021-10-11T00:00:00Z,0,0,1,1,Al Ḩazm town,"c(44.776919, 16.164056)"
419579,2021-10-13T00:00:00Z,0,0,1,1,Sharaf village,"c(44.1861, 13.378136)"
419574,2021-10-13T00:00:00Z,0,0,4,4,Judaydah town,"c(45.300481, 15.075021)"
419923,2021-10-15T00:00:00Z,0,20,0,20,Al Aqta village,"c(45.35123, 14.66217)"
419594,2021-10-15T00:00:00Z,0,0,1,1,Āl Sālim village,"c(44.123733, 16.927533)"
419596,2021-10-15T00:00:00Z,0,0,1,1,Al Aqta village,"c(45.35123, 14.66217)"
424418,2021-10-15T00:00:00Z,2,0,0,2,Hayd al Ahmad mountain,"c(45.16292, 14.96073)"
419602,2021-10-16T00:00:00Z,0,0,1,1,Wasit town,"c(45.31164, 15.02823)"
419599,2021-10-17T00:00:00Z,0,0,1,1,Al Umm Shaykh area,"c(43.21884, 17.10076)"
419604,2021-10-19T00:00:00Z,0,0,2,2,Barman town,"c(45.39772, 13.924718)"
419697,2021-10-19T00:00:00Z,0,0,1,1,Ta'izz town,"c(44.020908, 13.579522)"
419931,2021-10-19T00:00:00Z,24,0,0,24,Kassara checkpoint,"c(45.126389, 15.544167)"
419932,2021-10-19T00:00:00Z,24,0,0,24,Al Jawbah village,"c(45.283333, 15.25)"
419933,2021-10-20T00:00:00Z,41,0,0,41,Al Jawbah village,"c(45.283333, 15.25)"
419934,2021-10-20T00:00:00Z,41,0,0,41,Kassara checkpoint,"c(45.126389, 15.544167)"
419698,2021-10-20T00:00:00Z,0,0,1,1,Mahdah village,"c(43.716651, 16.927458)"
419699,2021-10-20T00:00:00Z,0,0,2,2,Shuayrah village,"c(43.16859, 16.90715)"
419704,2021-10-20T00:00:00Z,0,0,1,1,Ta'izz town,"c(44.020908, 13.579522)"
419936,2021-10-21T00:00:00Z,46,0,0,46,Al Jawbah village,"c(45.283333, 15.25)"
419937,2021-10-21T00:00:00Z,46,0,0,46,Kassara checkpoint,"c(45.126389, 15.544167)"
424813,2021-10-21T00:00:00Z,0,0,1,1,Şan‘ā’ city,"c(44.206667, 15.354722)"
419700,2021-10-23T00:00:00Z,0,0,1,1,Al Umm Shaykh area,"c(43.21884, 17.10076)"
419701,2021-10-23T00:00:00Z,0,0,1,1,Hanakah village,"c(45.36927, 14.63894)"
419703,2021-10-24T00:00:00Z,0,0,2,2,Izzah village,"c(43.23911, 17.14136)"
419705,2021-10-24T00:00:00Z,0,0,1,1,Adun village,"c(43.984926, 13.62054)"
419961,2021-10-25T00:00:00Z,53,0,0,53,Al Jawbah village,"c(45.283333, 15.25)"
419963,2021-10-25T00:00:00Z,52,0,0,52,Kassara checkpoint,"c(45.126389, 15.544167)"
419966,2021-10-26T00:00:00Z,43,0,0,43,Al Jawbah village,"c(45.283333, 15.25)"
419967,2021-10-26T00:00:00Z,42,0,0,42,Kassara checkpoint,"c(45.126389, 15.544167)"
419706,2021-10-26T00:00:00Z,0,0,3,3,Ad Durayhimī town,"c(43.055048, 14.637019)"
419708,2021-10-26T00:00:00Z,0,0,1,1,Aqrūḑ subdistrict,"c(44.05123, 13.43504)"
419710,2021-10-27T00:00:00Z,0,0,1,1,Jarashah town,"c(45.261753, 15.129589)"
419973,2021-10-27T00:00:00Z,53,0,0,53,Kassara checkpoint,"c(45.126389, 15.544167)"
419975,2021-10-27T00:00:00Z,52,0,0,52,Al Jawbah village,"c(45.283333, 15.25)"
419983,2021-10-28T00:00:00Z,48,0,0,48,Kassara checkpoint,"c(45.126389, 15.544167)"
419985,2021-10-28T00:00:00Z,47,0,0,47,Al Jawbah village,"c(45.283333, 15.25)"
419524,2021-10-28T00:00:00Z,0,0,13,13,Amoud village,"c(45.279569, 15.278466)"
419527,2021-10-28T00:00:00Z,2,0,0,2,Mashjah area,"c(45.08406, 15.465293)"
419531,2021-10-30T00:00:00Z,37,0,0,37,Kassara checkpoint,"c(45.126389, 15.544167)"
419532,2021-10-30T00:00:00Z,10,0,0,10,Umm Rish camp,"c(45.405548, 15.134047)"
419727,2021-10-30T00:00:00Z,0,0,9,9,'Adan Airport,"c(45.029722, 12.828611)"
419731,2021-10-30T00:00:00Z,0,0,3,3,Ta'izz town,"c(44.020908, 13.579522)"
419518,2021-10-31T00:00:00Z,0,0,39,39,Amoud village,"c(45.279569, 15.278466)"
420014,2021-10-31T00:00:00Z,7,0,0,7,Ta'izz town,"c(44.020908, 13.579522)"
419733,2021-11-02T00:00:00Z,0,0,3,3,Ashab village,"c(43.912036, 13.556889)"
419738,2021-11-02T00:00:00Z,0,0,1,1,Ar Raqw village,"c(43.202825, 17.255265)"
422708,2021-11-02T00:00:00Z,145,0,0,145,Arak village,"c(45.19611, 15.32708)"
419740,2021-11-03T00:00:00Z,0,0,1,1,Maḩjazah locality,"c(44.89093, 15.51919)"
419795,2021-11-03T00:00:00Z,39,0,0,39,Umm Rish camp,"c(45.405548, 15.134047)"
420020,2021-11-03T00:00:00Z,38,0,0,38,Arak village,"c(45.19611, 15.32708)"
422716,2021-11-04T00:00:00Z,115,0,0,115,Marib town,"c(45.325301, 15.460977)"
422718,2021-11-05T00:00:00Z,0,0,4,4,Al Umm Shaykh area,"c(43.21884, 17.10076)"
422944,2021-11-05T00:00:00Z,39,0,0,39,Khanjar camp,"c(45.320662, 16.674097)"
422942,2021-11-06T00:00:00Z,69,0,0,69,Kassara checkpoint,"c(45.126389, 15.544167)"
422721,2021-11-06T00:00:00Z,69,0,0,69,Amoud village,"c(45.279569, 15.278466)"
423979,2021-11-06T00:00:00Z,0,0,2,2,Lujbah village,"c(43.76217, 17.24028)"
422729,2021-11-08T00:00:00Z,55,0,0,55,Marib town,"c(45.325301, 15.460977)"
422949,2021-11-08T00:00:00Z,55,0,0,55,Khanjar camp,"c(45.320662, 16.674097)"
423981,2021-11-08T00:00:00Z,0,0,2,2,Al Umm Shaykh area,"c(43.21884, 17.10076)"
423982,2021-11-09T00:00:00Z,0,0,2,2,Ar Raqw village,"c(43.202825, 17.255265)"
422755,2021-11-09T00:00:00Z,60,35,0,95,Amoud village,"c(45.279569, 15.278466)"
423984,2021-11-10T00:00:00Z,0,0,1,1,Ar Raqw village,"c(43.202825, 17.255265)"
423992,2021-11-11T00:00:00Z,0,0,1,1,Ar Raqw village,"c(43.202825, 17.255265)"
423995,2021-11-12T00:00:00Z,0,0,4,4,At Tuḩaytā’ town,"c(43.226369, 14.18356)"
422811,2021-11-12T00:00:00Z,186,0,0,186,Şirwāḩ town,"c(45.018915, 15.449328)"
422817,2021-11-13T00:00:00Z,0,0,4,4,Al Fāzzah village,"c(43.101625, 14.103089)"
422832,2021-11-13T00:00:00Z,80,14,0,94,Marib town,"c(45.325301, 15.460977)"
422834,2021-11-14T00:00:00Z,140,0,0,140,Jabal Balaq al Awsat mountain,"c(45.28, 15.36)"
423996,2021-11-14T00:00:00Z,0,0,1,1,Ta'izz town,"c(44.020908, 13.579522)"
423994,2021-11-14T00:00:00Z,0,0,1,1,Ar Raqw village,"c(43.202825, 17.255265)"
423998,2021-11-14T00:00:00Z,0,0,3,3,Hays town,"c(43.483099, 13.931702)"
423999,2021-11-14T00:00:00Z,0,0,3,3,Hays town,"c(43.483099, 13.931702)"
422930,2021-11-15T00:00:00Z,130,0,0,130,Marib town,"c(45.325301, 15.460977)"
424066,2021-11-17T00:00:00Z,0,0,1,1,Marawiah town,"c(43.156782, 14.832893)"
424001,2021-11-17T00:00:00Z,0,0,1,1,Kilo 16 crossroads,"c(43.0725, 14.796667)"
422967,2021-11-17T00:00:00Z,100,0,0,100,Jabal Balaq al Awsat mountain,"c(45.28, 15.36)"
424068,2021-11-18T00:00:00Z,0,0,1,2,Banī al Hādī village,"c(43.19721, 14.14681)"
424134,2021-11-18T00:00:00Z,0,0,1,1,Ar Raqw village,"c(43.202825, 17.255265)"
424114,2021-11-18T00:00:00Z,0,0,1,1,Al Umm Shaykh area,"c(43.21884, 17.10076)"
424160,2021-11-19T00:00:00Z,15,0,0,15,Nakhlah village,"c(43.562738, 13.91374)"
424161,2021-11-19T00:00:00Z,13,0,0,13,Marir town,"c(43.59547, 13.98178)"
424162,2021-11-19T00:00:00Z,15,0,0,15,Ruwaynah village,"c(43.487724, 13.869054)"
422968,2021-11-19T00:00:00Z,0,0,1,1,Hays town,"c(43.483099, 13.931702)"
422980,2021-11-19T00:00:00Z,2,2,0,24,Al Mukhā’ town,"c(43.244799, 13.319453)"
424065,2021-11-20T00:00:00Z,0,0,1,1,Ar Raqw village,"c(43.202825, 17.255265)"
424069,2021-11-21T00:00:00Z,0,0,1,1,Marir town,"c(43.59547, 13.98178)"
424082,2021-11-22T00:00:00Z,0,0,1,1,Marir town,"c(43.59547, 13.98178)"
424083,2021-11-23T00:00:00Z,0,0,1,1,Ar Raqw village,"c(43.202825, 17.255265)"
422985,2021-11-23T00:00:00Z,0,0,0,1,Al Barḩ town,"c(43.703378, 13.440646)"
423015,2021-11-24T00:00:00Z,0,0,1,1,Munāwab village,"c(43.77555, 13.47942)"
424084,2021-11-24T00:00:00Z,0,0,4,4,Şan‘ā’ city,"c(44.206667, 15.354722)"
424090,2021-11-25T00:00:00Z,0,0,1,1,Ar Raqw village,"c(43.202825, 17.255265)"
424126,2021-11-25T00:00:00Z,0,0,1,1,Haymah village,"c(43.203845, 13.920299)"
423014,2021-11-26T00:00:00Z,0,0,1,1,Suwayhirah village,"c(43.54343, 13.89217)"
423031,2021-11-27T00:00:00Z,32,0,0,32,Kassara checkpoint,"c(45.126389, 15.544167)"
423032,2021-11-27T00:00:00Z,31,0,0,31,Amoud village,"c(45.279569, 15.278466)"
423029,2021-11-27T00:00:00Z,32,0,0,32,Mashjah area,"c(45.08406, 15.465293)"
424139,2021-11-27T00:00:00Z,0,0,1,1,Ar Raqw village,"c(43.202825, 17.255265)"
423027,2021-11-28T00:00:00Z,15,0,0,15,Jabal Balaq al Awsat mountain,"c(45.28, 15.36)"
423036,2021-11-28T00:00:00Z,42,0,0,42,Al Yatmah subdistrict,"c(45.795595, 17.022924)"
423049,2021-12-01T00:00:00Z,0,0,3,3,Ar Raqw village,"c(43.202825, 17.255265)"
424531,2021-12-02T00:00:00Z,0,0,1,1,Ar Raqw village,"c(43.202825, 17.255265)"
424532,2021-12-03T00:00:00Z,0,0,1,1,Ar Raqw village,"c(43.202825, 17.255265)"
423423,2021-12-03T00:00:00Z,5,0,13,18,Hakimah village,"c(43.58268, 13.84721)"
424534,2021-12-04T00:00:00Z,0,0,1,1,Al Ḩaymah as Suflá area,"c(44.06, 13.70564)"
424535,2021-12-04T00:00:00Z,0,0,1,1,Al Barḩ town,"c(43.703378, 13.440646)"
425102,2021-12-04T00:00:00Z,25,0,0,25,Jabal Balaq al Awsat mountain,"c(45.28, 15.36)"
424536,2021-12-05T00:00:00Z,0,0,1,1,Jilab village,"c(43.20544, 13.90926)"
424537,2021-12-06T00:00:00Z,0,0,2,2,Aţ Ţufaylī village,"c(43.579861, 13.849139)"
424539,2021-12-06T00:00:00Z,0,0,4,4,Ar Raqw village,"c(43.202825, 17.255265)"
424540,2021-12-07T00:00:00Z,0,0,0,8,Damin village,"c(43.59846, 13.74448)"
424545,2021-12-07T00:00:00Z,0,0,1,1,Qa‘ţabah town,"c(44.705805, 13.854933)"
424547,2021-12-07T00:00:00Z,0,0,1,1,Ash Shawāriq village,"c(43.29048, 16.89382)"
424548,2021-12-07T00:00:00Z,0,0,3,3,Wādī ‘Alāf valley,"c(43.658, 16.8855)"
426052,2021-12-08T00:00:00Z,2,0,0,2,Balaq al Sharqi mountain range,"c(45.39, 15.295)"
426053,2021-12-08T00:00:00Z,10,0,0,10,Umm Rish camp,"c(45.405548, 15.134047)"
424598,2021-12-09T00:00:00Z,0,0,2,2,Aţ Ţufaylī village,"c(43.579861, 13.849139)"
424599,2021-12-09T00:00:00Z,0,0,1,1,Ash Shi‘b village,"c(43.435485, 13.932572)"
424600,2021-12-09T00:00:00Z,0,0,1,1,Zuma village,"c(43.591759, 13.957661)"
425164,2021-12-09T00:00:00Z,2,0,0,2,Balaq al Sharqi mountain range,"c(45.39, 15.295)"
424602,2021-12-10T00:00:00Z,0,0,1,1,Ar Raqw village,"c(43.202825, 17.255265)"
424601,2021-12-11T00:00:00Z,0,0,3,3,Banī al Ḩaddād village,"c(42.98819, 16.45506)"
425232,2021-12-11T00:00:00Z,37,0,0,37,Mashjah area,"c(45.08406, 15.465293)"
426059,2021-12-11T00:00:00Z,37,0,0,37,Kassara checkpoint,"c(45.126389, 15.544167)"
426060,2021-12-11T00:00:00Z,37,0,0,37,Amoud village,"c(45.279569, 15.278466)"
426061,2021-12-11T00:00:00Z,37,0,0,37,Falaj al Gharbiyah village,"c(45.314444, 15.336944)"
426062,2021-12-11T00:00:00Z,37,0,0,37,Umm Rish camp,"c(45.405548, 15.134047)"
426055,2021-12-12T00:00:00Z,15,0,0,15,Qarn al Ladha mountain,"c(45.357778, 15.249444)"
425234,2021-12-12T00:00:00Z,42,28,0,70,Balaq al Sharqi mountain range,"c(45.39, 15.295)"
424604,2021-12-12T00:00:00Z,0,0,1,1,Border between Shadā’ district and Saudi Arabia,"c(43.1473, 16.9254)"
424605,2021-12-14T00:00:00Z,0,0,2,2,At Tuḩaytā’ town,"c(43.226369, 14.18356)"
424606,2021-12-14T00:00:00Z,0,0,2,2,Maqāni village,"c(43.49684, 13.91961)"
426063,2021-12-14T00:00:00Z,10,0,0,10,Balaq al Sharqi mountain range,"c(45.39, 15.295)"
424607,2021-12-15T00:00:00Z,0,0,2,2,Al Barḩ town,"c(43.703378, 13.440646)"
424609,2021-12-15T00:00:00Z,0,0,2,2,Marir town,"c(43.59547, 13.98178)"
424620,2021-12-19T00:00:00Z,0,0,1,1,Ar Raqw village,"c(43.202825, 17.255265)"
424623,2021-12-19T00:00:00Z,0,0,1,1,Hait village,"c(43.053185, 14.61737)"
424624,2021-12-19T00:00:00Z,0,0,1,1,Majā‘ishah area,"c(43.55438, 13.74818)"
425273,2021-12-20T00:00:00Z,14,0,0,14,Jabal Balaq al Awsat mountain,"c(45.28, 15.36)"
425430,2021-12-22T00:00:00Z,0,1,0,1,Yatmah town,"c(45.053996, 16.981571)"
424635,2021-12-23T00:00:00Z,0,0,1,1,Hays town,"c(43.483099, 13.931702)"
424636,2021-12-24T00:00:00Z,0,0,3,3,Ijāmah village,"c(43.54079, 15.48339)"
424633,2021-12-24T00:00:00Z,0,0,1,1,Ar Raqw village,"c(43.202825, 17.255265)"
424630,2021-12-25T00:00:00Z,0,0,3,4,Jabir village,"c(45.33872, 15.383263)"
425431,2021-12-25T00:00:00Z,0,2,0,2,Yatmah town,"c(45.053996, 16.981571)"
425432,2021-12-26T00:00:00Z,3,18,0,21,Balaq al Sharqi mountain range,"c(45.39, 15.295)"
425436,2021-12-27T00:00:00Z,14,2,0,16,Tuwayr village,"c(43.815208, 13.390416)"
425493,2021-12-27T00:00:00Z,0,0,1,1,Malaqi village,"c(43.580288, 13.844263)"
425487,2021-12-27T00:00:00Z,0,0,1,1,Ta'izz town,"c(44.020908, 13.579522)"
425496,2021-12-28T00:00:00Z,0,0,1,1,Marib town,"c(45.325301, 15.460977)"
425497,2021-12-29T00:00:00Z,0,0,1,1,Aţ Ţufaylī village,"c(43.579861, 13.849139)"
425447,2021-12-30T00:00:00Z,0,7,0,7,Wādī Khamūmah valley,"c(46.25, 14.7)"
389673,2021-03-18T00:00:00Z,0,10,4,14,Aḩwar town,"c(46.713669, 13.52019)"
389675,2021-03-19T00:00:00Z,0,1,0,1,Ar Ritā‘ī village,"c(46.04615, 13.69811)"
389677,2021-03-28T00:00:00Z,0,0,1,1,Aḩwar town,"c(46.713669, 13.52019)"
410715,2021-04-26T00:00:00Z,0,0,0,1,Umm Khudayrah village,"c(46.05112, 13.71214)"
410726,2021-05-05T00:00:00Z,0,1,0,1,Thuwayrayn village,"c(46.01937, 13.8838)"
410732,2021-05-18T00:00:00Z,0,6,0,6,Aḩwar town,"c(46.713669, 13.52019)"
410731,2021-05-19T00:00:00Z,0,7,0,7,Ar Ritā‘ī village,"c(46.04615, 13.69811)"
405049,2021-06-11T00:00:00Z,1,7,1,9,Zinjibār town,"c(45.380728, 13.128712)"
424796,2021-07-10T00:00:00Z,0,2,0,2,Say’ūn town,"c(48.793333, 15.943333)"
410878,2021-07-12T00:00:00Z,0,0,0,0,Say’ūn town,"c(48.793333, 15.943333)"
424802,2021-08-01T00:00:00Z,0,2,0,2,Zinjibār town,"c(45.380728, 13.128712)"
420061,2021-10-11T00:00:00Z,0,0,0,0,Say’ūn town,"c(48.793333, 15.943333)"
423990,2021-11-13T00:00:00Z,2,0,1,3,Am Quwwah village,"c(45.91415, 14.43488)"
424238,2021-11-13T00:00:00Z,0,0,0,1,Hadba Aushan village,"c(45.465549, 15.546335)"
386655,2021-02-06T00:00:00Z,0,0,1,1,Jabal al Ulayb mountain,"c(44.77465, 14.56979)"
402996,2021-05-26T00:00:00Z,0,0,0,0,Jabal ash Shawb mountain,"c(44.883056, 14.659722)"
405561,2021-07-02T00:00:00Z,2,0,2,4,Lawdar town,"c(45.868586, 13.882824)"
412905,2021-08-19T00:00:00Z,0,0,0,0,Al Jalilah village,"c(44.742948, 13.728991)"
419801,2021-10-30T00:00:00Z,1,0,0,1,Alam military base,"c(46.741111, 14.953611)"
